{region},{label},{time_to_uninstall},{hardware_name},{is_organic},{referral_time},{random_user_id},{network_type},{store},{device_type},{app_version},{time_spent},{created_at},{country},{time_to_reinstall},{timezone},{platform},{os_name},{environment}
,,,,0,,4ffb687c0f07edb96cc2ad5d0fbb9013efa4814d,,google,phone,2.3.1,,1719842404,ru,,UTC+0600,Unknown,android,production
,,,,0,,f27d799c8b5d2427f4dc0c92b025dfed74edfdf0,,itunes,phone,240227296,,1719842405,ru,,UTC+0300,Unknown,ios,production
,,,,0,,566f42e23314a9b43a54e902bd054a13bfd8d636,,google,phone,2.3.1,,1719842405,ro,,UTC+0300,Unknown,android,production
,,,,0,,04b696ff3a8a5fc10a16a21486d12606f81f7fcb,,itunes,phone,240627199,,1719842407,ru,,UTC+0300,Unknown,ios,production
,,,,0,,0f0b91f63070ea2c14f969789f68d5344c7a4092,,itunes,phone,240627199,,1719842408,ru,,UTC+0300,Unknown,ios,production
,,,,1,,3b650d33deb7e4c67287897e9f407af3a88ac40e,,itunes,phone,240627199,,1719842409,ru,,UTC+0300,Unknown,ios,production
,,,,0,,aac10c581f59053b80c80ec384ee4e681c142783,,google,phone,2.3.1,,1719842411,ru,,UTC+0300,Unknown,android,production
,,,,0,,2eb22bda58da52abd8879eeb7ab1e2528c8ede32,,itunes,phone,240627199,,1719842411,tr,,UTC+0300,Unknown,ios,production
,,,,,,,,google,tablet,,,1719842411,lv,,UTC+0000,Unknown,android,
,,,,0,,56e1269d2047e921289eb6aaf9044b37f86989a9,,google,phone,2.3.1,,1719842412,ru,,UTC+0300,Unknown,android,production
,,,,0,,2eb22bda58da52abd8879eeb7ab1e2528c8ede32,,itunes,phone,240627199,,1719842418,tr,,UTC+0300,Unknown,ios,production
,,,,0,,90995e29182ce2ee1fa94f39813b7c6b6f0835f1,,google,phone,2.3.1,,1719842418,ru,,UTC+0300,Unknown,android,production
,,,,,,,,google,phone,,,1719842419,ru,,UTC+0000,Unknown,android,
,,,,,,,,google,phone,,,1719842421,us,,UTC+0000,Unknown,android,
,,,,0,,ebf5cc458b6e749645fd6a1443c954a4726247e1,,google,phone,2.3.1,,1719842420,ru,,UTC+0500,Unknown,android,production
,,,,0,,04b696ff3a8a5fc10a16a21486d12606f81f7fcb,,itunes,phone,240627199,,1719842422,ru,,UTC+0300,Unknown,ios,production
,,,,0,,6bae38a78066cbca7b78f5fa0d87c9f06ea65413,,google,phone,2.3.1,,1719842409,ru,,UTC+0300,Unknown,android,production
,,,,0,,218904bc92c8c13a79c2d280a1b1a60d93db406c,,google,tablet,2.3.1,,1719842423,ru,,UTC+0300,Unknown,android,production
,,,,0,,4ffb687c0f07edb96cc2ad5d0fbb9013efa4814d,,google,phone,2.3.1,,1719842422,ru,,UTC+0600,Unknown,android,production
,,,,,,,,itunes,phone,,,1719842425,ru,,UTC+0000,Unknown,ios,
,,,,,,,,google,phone,,,1719842426,co,,UTC+0000,Unknown,android,
,,,,0,,0f0b91f63070ea2c14f969789f68d5344c7a4092,,itunes,phone,240627199,,1719842426,ru,,UTC+0300,Unknown,ios,production
,,,,,,,,google,tablet,,,1719842427,de,,UTC+0000,Unknown,android,
,,,,,,,,google,phone,,,1719842426,ru,,UTC+0000,Unknown,android,
,,,,0,,6bae38a78066cbca7b78f5fa0d87c9f06ea65413,,google,phone,2.3.1,,1719842426,ru,,UTC+0300,Unknown,android,production
,,,,,,,,google,tablet,,,1719842429,ru,,UTC+0000,Unknown,android,
,,,,1,,3b650d33deb7e4c67287897e9f407af3a88ac40e,,itunes,phone,240627199,,1719842431,ru,,UTC+0300,Unknown,ios,production
,,,,,,,,google,phone,,,1719842430,ru,,UTC+0000,Unknown,android,
pl,,,UP1A.231005.007.S928BXXU1AXCA,0,,94d290e4580760bd8013b4b3993137345863e0b1,,google,phone,2.3.1,,1719842398,pl,,UTC+0200,mobile_app,android,production
,,,,0,,6962d07fbc2cdfc7f649ca26b20d44725bf9f194,,google,phone,2.3.1,,1719842430,ru,,UTC+0300,Unknown,android,production
,,,,0,,56e1269d2047e921289eb6aaf9044b37f86989a9,,google,phone,2.3.1,,1719842433,ru,,UTC+0300,Unknown,android,production
,,,,0,,04b696ff3a8a5fc10a16a21486d12606f81f7fcb,,itunes,phone,240627199,,1719842437,ru,,UTC+0300,Unknown,ios,production
,,,,0,,90995e29182ce2ee1fa94f39813b7c6b6f0835f1,,google,phone,2.3.1,,1719842436,ru,,UTC+0300,Unknown,android,production
,,,,,,,,google,phone,,,1719842436,il,,UTC+0000,Unknown,android,
,,,,,,,,google,phone,,,1719842438,by,,UTC+0000,Unknown,android,
,,,,0,,0f0b91f63070ea2c14f969789f68d5344c7a4092,,itunes,phone,240627199,,1719842440,ru,,UTC+0300,Unknown,ios,production
,,,,,,,,google,phone,,,1719842440,es,,UTC+0000,Unknown,android,
,,,,,,,,itunes,phone,,,1719842442,ru,,UTC+0000,Unknown,ios,
,,,,0,,55a3cf3d700e2b1d4e3eae323f361f0b93cd9a5a,,google,phone,2.3.1,,1719842435,ru,,UTC+0400,Unknown,android,production
,,,,,,,,google,phone,,,1719842439,ru,,UTC+0000,Unknown,android,
,,,,,,,,google,phone,,,1719842443,pl,,UTC+0000,Unknown,android,
,,,,0,,4ffb687c0f07edb96cc2ad5d0fbb9013efa4814d,,google,phone,2.3.1,,1719842428,ru,,UTC+0600,Unknown,android,production
ua,,,RP1A.200720.012.M307FNXXS4CWC1,0,1719826904,1fa6678c5b97349377f98edfb4eea462e1ce1ae5,,google,phone,2.3.1,,1719842412,ua,,UTC+0300,mobile_app,android,production
,,,,0,,6bae38a78066cbca7b78f5fa0d87c9f06ea65413,,google,phone,2.3.1,,1719842446,ru,,UTC+0300,Unknown,android,production
,,,,0,,566f42e23314a9b43a54e902bd054a13bfd8d636,,google,phone,2.3.1,,1719842414,ro,,UTC+0300,Unknown,android,production
,,,,,,,,google,phone,,,1719842451,ro,,UTC+0000,Unknown,android,
,,,,0,,1fa6678c5b97349377f98edfb4eea462e1ce1ae5,,google,phone,2.3.1,,1719842452,ua,,UTC+0300,Unknown,android,production
,,,,0,,848d2aef57a4f2d725b49608fe8a024e698c7045,,google,phone,2.3.1,,1719842450,ua,,UTC+0300,Unknown,android,production
,,,,0,,82c96ac8b6a081d729fb81796c403f7eb1244c03,,google,phone,2.3.1,,1719842445,ua,,UTC+0300,Unknown,android,production
,,,,,,,,google,phone,,,1719842446,de,,UTC+0000,Unknown,android,
,,,,,,,,google,tablet,,,1719842453,de,,UTC+0000,Unknown,android,
,,,,0,,ebf5cc458b6e749645fd6a1443c954a4726247e1,,google,phone,2.3.1,,1719842453,ru,,UTC+0500,Unknown,android,production
,,,,1,,3b650d33deb7e4c67287897e9f407af3a88ac40e,,itunes,phone,240627199,,1719842446,ru,,UTC+0300,Unknown,ios,production
ru,,,TP1A.220624.014.A035FXXS6CXA3,0,,e9c16552097a6845f4a134cd8ad5f87bc465ec4e,,google,phone,2.3.0,,1719724026,ua,,UTC+0300,mobile_app,android,production
ru,,,TP1A.220624.014.A035FXXS6CXA3,0,,e9c16552097a6845f4a134cd8ad5f87bc465ec4e,,google,phone,2.3.0,,1719499321,ua,,UTC+0300,mobile_app,android,production
ru,,,TP1A.220624.014.A035FXXS6CXA3,0,,e9c16552097a6845f4a134cd8ad5f87bc465ec4e,,google,phone,2.3.0,,1719842406,ua,,UTC+0300,mobile_app,android,production
ru,,,TP1A.220624.014.A035FXXS6CXA3,0,,e9c16552097a6845f4a134cd8ad5f87bc465ec4e,,google,phone,2.3.0,,1719692229,ua,,UTC+0300,mobile_app,android,production
,,,,,,,,google,phone,,,1719842453,ro,,UTC+0000,Unknown,android,
,,,,0,,218904bc92c8c13a79c2d280a1b1a60d93db406c,,google,tablet,2.3.1,,1719842454,ru,,UTC+0300,Unknown,android,production
,,,,,,,,google,phone,,,1719842453,ru,,UTC+0000,Unknown,android,
,,,,,,,,google,phone,,,1719842455,ru,,UTC+0000,Unknown,android,
ru,,,TP1A.220624.014.A035FXXS6CXA3,0,,e9c16552097a6845f4a134cd8ad5f87bc465ec4e,,google,phone,2.3.0,,1719733931,ua,,UTC+0300,mobile_app,android,production
,,,,0,,6962d07fbc2cdfc7f649ca26b20d44725bf9f194,,google,phone,2.3.1,,1719842448,ru,,UTC+0300,Unknown,android,production
,,,,,,,,google,tablet,,,1719842447,de,,UTC+0000,Unknown,android,
ru,,,TP1A.220624.014.A035FXXS6CXA3,0,,e9c16552097a6845f4a134cd8ad5f87bc465ec4e,,google,phone,2.3.0,,1719490963,ua,,UTC+0300,mobile_app,android,production
ru,,,TP1A.220624.014.A035FXXS6CXA3,0,,e9c16552097a6845f4a134cd8ad5f87bc465ec4e,,google,phone,2.3.0,,1719840343,ua,,UTC+0300,mobile_app,android,production
,,,,0,,2eb22bda58da52abd8879eeb7ab1e2528c8ede32,,itunes,phone,240627199,,1719842462,tr,,UTC+0300,Unknown,ios,production
,,,,,,,,google,phone,,,1719842462,ua,,UTC+0000,Unknown,android,
,,,,0,,aac10c581f59053b80c80ec384ee4e681c142783,,google,phone,2.3.1,,1719842428,ru,,UTC+0300,Unknown,android,production
,,,,1,,3b650d33deb7e4c67287897e9f407af3a88ac40e,,itunes,phone,240627199,,1719842463,ru,,UTC+0300,Unknown,ios,production
,,,,,,,,google,mac,,,1719842465,ru,,UTC+0000,Unknown,macos,
,,,,0,,566f42e23314a9b43a54e902bd054a13bfd8d636,,google,phone,2.3.1,,1719842467,ro,,UTC+0300,Unknown,android,production
,,,,0,,aac10c581f59053b80c80ec384ee4e681c142783,,google,phone,2.3.1,,1719842444,ru,,UTC+0300,Unknown,android,production
,,,,,,,,google,phone,,,1719842468,ru,,UTC+0000,Unknown,android,
,,,,,,,,google,phone,,,1719842466,ru,,UTC+0000,Unknown,android,
,,,,,,,,google,phone,,,1719842465,by,,UTC+0000,Unknown,android,
,,,,,,,,google,phone,,,1719842460,ru,,UTC+0000,Unknown,android,
,,,,0,,16d2a8aab2b04d18859fb6962755f48fc672f950,,google,phone,2.3.1,,1719842469,ru,,UTC+0300,Unknown,android,production
,,,,0,,cc401e3d96836edbb59bd5e3490719405c4a89de,,google,phone,2.3.1,,1719841953,ua,,UTC+0300,Unknown,android,production
,,,,,,,,itunes,tablet,,,1719842468,ca,,UTC+0000,Unknown,ios,
,,,,,,,,google,phone,,,1719842473,ru,,UTC+0000,Unknown,android,
,,,,0,,55a3cf3d700e2b1d4e3eae323f361f0b93cd9a5a,,google,phone,2.3.1,,1719842462,ru,,UTC+0400,Unknown,android,production
,,,,0,,6962d07fbc2cdfc7f649ca26b20d44725bf9f194,,google,phone,2.3.1,,1719842458,ru,,UTC+0300,Unknown,android,production
,,,,0,,848d2aef57a4f2d725b49608fe8a024e698c7045,,google,phone,2.3.1,,1719842477,ua,,UTC+0300,Unknown,android,production
,,,,,,,,google,phone,,,1719842470,il,,UTC+0000,Unknown,android,
,,,,,,,,google,phone,,,1719842482,ua,,UTC+0000,Unknown,android,
,,,,1,,3b650d33deb7e4c67287897e9f407af3a88ac40e,,itunes,phone,240627199,,1719842482,ru,,UTC+0300,Unknown,ios,production
,,,,0,,04b696ff3a8a5fc10a16a21486d12606f81f7fcb,,itunes,phone,240627199,,1719842467,ru,,UTC+0300,Unknown,ios,production
,,,,0,,90995e29182ce2ee1fa94f39813b7c6b6f0835f1,,google,phone,2.3.1,,1719842468,ru,,UTC+0300,Unknown,android,production
,,,,0,,cc401e3d96836edbb59bd5e3490719405c4a89de,,google,phone,2.3.1,,1719842480,ua,,UTC+0300,Unknown,android,production
,,,,0,,04b696ff3a8a5fc10a16a21486d12606f81f7fcb,,itunes,phone,240627199,,1719842484,ru,,UTC+0300,Unknown,ios,production
,,,,,,,,google,phone,,,1719842482,de,,UTC+0000,Unknown,android,
,,,,,,,,google,phone,,,1719842472,ru,,UTC+0000,Unknown,android,
,,,,,,,,google,phone,,,1719842475,br,,UTC+0000,Unknown,android,
,,,,,,,,google,phone,,,1719842488,es,,UTC+0000,Unknown,android,
,,,,0,,2eb22bda58da52abd8879eeb7ab1e2528c8ede32,,itunes,phone,240627199,,1719842477,tr,,UTC+0300,Unknown,ios,production
,,,,0,,566f42e23314a9b43a54e902bd054a13bfd8d636,,google,phone,2.3.1,,1719842474,ro,,UTC+0300,Unknown,android,production
,,,,,,,,google,phone,,,1719842474,ru,,UTC+0000,Unknown,android,
,,,,,,,,google,phone,,,1719842485,ru,,UTC+0000,Unknown,android,
,,,,0,,6bae38a78066cbca7b78f5fa0d87c9f06ea65413,,google,phone,2.3.1,,1719842486,ru,,UTC+0300,Unknown,android,production
,,,,0,,848d2aef57a4f2d725b49608fe8a024e698c7045,,google,phone,2.3.1,,1719842492,ua,,UTC+0300,Unknown,android,production
,,,,0,,2eb22bda58da52abd8879eeb7ab1e2528c8ede32,,itunes,phone,240627199,,1719842493,tr,,UTC+0300,Unknown,ios,production
,,,,0,,cc401e3d96836edbb59bd5e3490719405c4a89de,,google,phone,2.3.1,,1719842495,ua,,UTC+0300,Unknown,android,production
,,,,,,,,itunes,phone,,,1719842481,ru,,UTC+0000,Unknown,ios,
,,,,0,,82c96ac8b6a081d729fb81796c403f7eb1244c03,,google,phone,2.3.1,,1719842498,ua,,UTC+0300,Unknown,android,production
,,,,0,,55a3cf3d700e2b1d4e3eae323f361f0b93cd9a5a,,google,phone,2.3.1,,1719842496,ru,,UTC+0400,Unknown,android,production
,,,,,,,,google,phone,,,1719842492,ru,,UTC+0000,Unknown,android,
,,,,,,,,itunes,phone,,,1719842480,ru,,UTC+0000,Unknown,ios,
ru,,,TKQ1.221114.001 test-keys,0,1719842199,8915408e8462e41fa05e70f22809de56973cee5e,,google,phone,2.3.1,,1719842468,ru,,UTC+0300,mobile_app,android,production
,,,,,,,,google,phone,,,1719842500,br,,UTC+0000,Unknown,android,
,,,,,,,,google,phone,,,1719842482,us,,UTC+0000,Unknown,android,
,,,,,,,,google,phone,,,1719842501,ru,,UTC+0000,Unknown,android,
,,,,,,,,google,phone,,,1719842495,ru,,UTC+0000,Unknown,android,
ru,,,UP1A.231005.007.S926BXXS2AXED,0,1719842102,16d2a8aab2b04d18859fb6962755f48fc672f950,,google,phone,2.3.1,,1719842455,ru,,UTC+0300,mobile_app,android,production
,,,,,,,,google,phone,,,1719842497,cz,,UTC+0000,Unknown,android,
,,,,1,,3a78c5b6784618c3a59c1ab429b46864adc95887,,itunes,phone,240627199,,1719842487,ua,,UTC+0300,Unknown,ios,production
,,,,0,,4ffb687c0f07edb96cc2ad5d0fbb9013efa4814d,,google,phone,2.3.1,,1719842488,ru,,UTC+0600,Unknown,android,production
,,,,0,,e9c16552097a6845f4a134cd8ad5f87bc465ec4e,,google,phone,2.3.0,,1719842509,ua,,UTC+0300,Unknown,android,production
,,,,0,,90995e29182ce2ee1fa94f39813b7c6b6f0835f1,,google,phone,2.3.1,,1719842509,ru,,UTC+0300,Unknown,android,production
,,,,0,,566f42e23314a9b43a54e902bd054a13bfd8d636,,google,phone,2.3.1,,1719842496,ro,,UTC+0300,Unknown,android,production
,,,,,,,,google,phone,,,1719842507,de,,UTC+0000,Unknown,android,
,,,,,,,,google,phone,,,1719842509,il,,UTC+0000,Unknown,android,
,,,,0,,218904bc92c8c13a79c2d280a1b1a60d93db406c,,google,tablet,2.3.1,,1719842470,ru,,UTC+0300,Unknown,android,production
,,,,,,,,google,phone,,,1719842511,ru,,UTC+0000,Unknown,android,
,,,,0,,2eb22bda58da52abd8879eeb7ab1e2528c8ede32,,itunes,phone,240627199,,1719842511,tr,,UTC+0300,Unknown,ios,production
,,,,0,,848d2aef57a4f2d725b49608fe8a024e698c7045,,google,phone,2.3.1,,1719842507,ua,,UTC+0300,Unknown,android,production
,,,,,,,,google,phone,,,1719842489,ua,,UTC+0000,Unknown,android,
,,,,,,,,google,phone,,,1719842514,ru,,UTC+0000,Unknown,android,
,,,,0,,566f42e23314a9b43a54e902bd054a13bfd8d636,,google,phone,2.3.1,,1719842512,ro,,UTC+0300,Unknown,android,production
,,,,,,,,google,phone,,,1719842512,ru,,UTC+0000,Unknown,android,
,,,,0,,04b696ff3a8a5fc10a16a21486d12606f81f7fcb,,itunes,phone,240627199,,1719842515,ru,,UTC+0300,Unknown,ios,production
,,,,0,,16d2a8aab2b04d18859fb6962755f48fc672f950,,google,phone,2.3.1,,1719842514,ru,,UTC+0300,Unknown,android,production
,,,,,,,,google,phone,,,1719842515,ru,,UTC+0000,Unknown,android,
,,,,1,,3b650d33deb7e4c67287897e9f407af3a88ac40e,,itunes,phone,240627199,,1719842497,ru,,UTC+0300,Unknown,ios,production
,,,,0,,16d2a8aab2b04d18859fb6962755f48fc672f950,,google,phone,2.3.1,,1719842493,ru,,UTC+0300,Unknown,android,production
,,,,0,,04b696ff3a8a5fc10a16a21486d12606f81f7fcb,,itunes,phone,240627199,,1719842500,ru,,UTC+0300,Unknown,ios,production
,,,,0,,218904bc92c8c13a79c2d280a1b1a60d93db406c,,google,tablet,2.3.1,,1719842522,ru,,UTC+0300,Unknown,android,production
ru,,,UP1A.231005.007.A525FXXS6EXB6,0,,6962d07fbc2cdfc7f649ca26b20d44725bf9f194,,google,phone,2.3.1,138,1719842494,ru,,UTC+0300,mobile_app,android,production
,,,,,,,,google,tablet,,,1719842519,ru,,UTC+0000,Unknown,android,
,,,,0,,2eb22bda58da52abd8879eeb7ab1e2528c8ede32,,itunes,phone,240627199,,1719842524,tr,,UTC+0300,Unknown,ios,production
,,,,0,,cc401e3d96836edbb59bd5e3490719405c4a89de,,google,phone,2.3.1,,1719842526,ua,,UTC+0300,Unknown,android,production
,,,,0,,55a3cf3d700e2b1d4e3eae323f361f0b93cd9a5a,,google,phone,2.3.1,,1719842515,ru,,UTC+0400,Unknown,android,production
,,,,,,,,google,phone,,,1719842507,ru,,UTC+0000,Unknown,android,
,,,,0,,ebf5cc458b6e749645fd6a1443c954a4726247e1,,google,phone,2.3.1,,1719842514,ru,,UTC+0500,Unknown,android,production
,,,,0,,7060cf2ee9c6fe8b7b04a15c3e5d49f1c02ab11b,,google,phone,2.3.1,,1719842524,ua,,UTC+0300,Unknown,android,production
,,,,0,,566f42e23314a9b43a54e902bd054a13bfd8d636,,google,phone,2.3.1,,1719842494,ro,,UTC+0300,Unknown,android,production
,,,,1,,3b650d33deb7e4c67287897e9f407af3a88ac40e,,itunes,phone,240627199,,1719842517,ru,,UTC+0300,Unknown,ios,production
,,,,0,,6962d07fbc2cdfc7f649ca26b20d44725bf9f194,,google,phone,2.3.1,,1719842503,ru,,UTC+0300,Unknown,android,production
,,,,1,,3b650d33deb7e4c67287897e9f407af3a88ac40e,,itunes,phone,240627199,,1719842533,ru,,UTC+0300,Unknown,ios,production
,,,,0,,cc401e3d96836edbb59bd5e3490719405c4a89de,,google,phone,2.3.1,,1719842511,ua,,UTC+0300,Unknown,android,production
,,,,,,,,google,tablet,,,1719842533,es,,UTC+0000,Unknown,android,
,,,,0,,55a3cf3d700e2b1d4e3eae323f361f0b93cd9a5a,,google,phone,2.3.1,,1719842534,ru,,UTC+0400,Unknown,android,production
,,,,0,,6bae38a78066cbca7b78f5fa0d87c9f06ea65413,,google,phone,2.3.1,,1719842528,ru,,UTC+0300,Unknown,android,production
,,,,0,,04b696ff3a8a5fc10a16a21486d12606f81f7fcb,,itunes,phone,240627199,,1719842530,ru,,UTC+0300,Unknown,ios,production
,,,,0,,848d2aef57a4f2d725b49608fe8a024e698c7045,,google,phone,2.3.1,,1719842538,ua,,UTC+0300,Unknown,android,production
,,,,0,,848d2aef57a4f2d725b49608fe8a024e698c7045,,google,phone,2.3.1,,1719842523,ua,,UTC+0300,Unknown,android,production
,,,,0,,2eb22bda58da52abd8879eeb7ab1e2528c8ede32,,itunes,phone,240627199,,1719842539,tr,,UTC+0300,Unknown,ios,production
,,,,1,,3b650d33deb7e4c67287897e9f407af3a88ac40e,,itunes,phone,240627199,,1719842538,ru,,UTC+0300,Unknown,ios,production
,,,,,,,,google,phone,,,1719842540,ru,,UTC+0000,Unknown,android,
us,,,UP1A.231005.007.X200XXS3DXD5,0,,49d6dab6a9955e13e78cda2ab2c2cc6fa56a4749,,google,tablet,2.3.1,,1719842513,us,,UTC-0400,mobile_app,android,production
,,,,,,,,google,phone,,,1719842543,ru,,UTC+0000,Unknown,android,
,,,,0,,566f42e23314a9b43a54e902bd054a13bfd8d636,,google,phone,2.3.1,,1719842528,ro,,UTC+0300,Unknown,android,production
,,,,,,,,google,phone,,,1719842537,th,,UTC+0000,Unknown,android,
,,,,0,,aac10c581f59053b80c80ec384ee4e681c142783,,google,phone,2.3.1,,1719842512,ru,,UTC+0300,Unknown,android,production
,,,,0,,04b696ff3a8a5fc10a16a21486d12606f81f7fcb,,itunes,phone,240627199,,1719842545,ru,,UTC+0300,Unknown,ios,production
,,,,0,,566f42e23314a9b43a54e902bd054a13bfd8d636,,google,phone,2.3.1,,1719842542,ro,,UTC+0300,Unknown,android,production
,,,,0,,848d2aef57a4f2d725b49608fe8a024e698c7045,,google,phone,2.3.1,,1719842508,ua,,UTC+0300,Unknown,android,production
,,,,,,,,google,phone,,,1719842546,ua,,UTC+0000,Unknown,android,
,,,,0,,aac10c581f59053b80c80ec384ee4e681c142783,,google,phone,2.3.1,,1719842544,ru,,UTC+0300,Unknown,android,production
,,,,0,,8915408e8462e41fa05e70f22809de56973cee5e,,google,phone,2.3.1,,1719842521,ru,,UTC+0300,Unknown,android,production
,,,,,,,,google,phone,,,1719842555,ua,,UTC+0000,Unknown,android,
,,,,,,,,google,phone,,,1719842547,by,,UTC+0000,Unknown,android,
,,,,0,,ebf5cc458b6e749645fd6a1443c954a4726247e1,,google,phone,2.3.1,,1719842550,ru,,UTC+0500,Unknown,android,production
,,,,0,,848d2aef57a4f2d725b49608fe8a024e698c7045,,google,phone,2.3.1,,1719842554,ua,,UTC+0300,Unknown,android,production
,,,,0,,abe59187a11648ddf5881d3755d2a41141f971da,,google,phone,2.3.1,,1719840514,by,,UTC+0300,Unknown,android,production
,,,,0,,2eb22bda58da52abd8879eeb7ab1e2528c8ede32,,itunes,phone,240627199,,1719842557,tr,,UTC+0300,Unknown,ios,production
,,,,0,,031898fffe0cd0c78d530e9b0fab60615cb6abb9,,google,phone,2.3.1,,1719842553,de,,UTC+0200,Unknown,android,production
,,,,,,,,google,phone,,,1719842557,kr,,UTC+0000,Unknown,android,
,,,,0,,8915408e8462e41fa05e70f22809de56973cee5e,,google,phone,2.3.1,,1719842519,ru,,UTC+0300,Unknown,android,production
,,,,0,,6bae38a78066cbca7b78f5fa0d87c9f06ea65413,,google,phone,2.3.1,,1719842558,ru,,UTC+0300,Unknown,android,production
,,,,0,,04b696ff3a8a5fc10a16a21486d12606f81f7fcb,,itunes,phone,240627199,,1719842560,ru,,UTC+0300,Unknown,ios,production
,,,,0,,4ffb687c0f07edb96cc2ad5d0fbb9013efa4814d,,google,phone,2.3.1,,1719842500,ru,,UTC+0600,Unknown,android,production
,,,,,,,,google,phone,,,1719842537,ru,,UTC+0000,Unknown,android,
,,,,0,,848d2aef57a4f2d725b49608fe8a024e698c7045,,google,phone,2.3.1,,1719842569,ua,,UTC+0300,Unknown,android,production
,,,,,,,,google,tablet,,,1719842551,es,,UTC+0000,Unknown,android,
,,,,0,,6962d07fbc2cdfc7f649ca26b20d44725bf9f194,,google,phone,2.3.1,,1719842554,ru,,UTC+0300,Unknown,android,production
,,,,0,,8915408e8462e41fa05e70f22809de56973cee5e,,google,phone,2.3.1,,1719842574,ru,,UTC+0300,Unknown,android,production
,,,,0,,7060cf2ee9c6fe8b7b04a15c3e5d49f1c02ab11b,,google,phone,2.3.1,,1719842563,ua,,UTC+0300,Unknown,android,production
,,,,,,,,google,phone,,,1719842543,ua,,UTC+0000,Unknown,android,
,,,,0,,cc401e3d96836edbb59bd5e3490719405c4a89de,,google,phone,2.3.1,,1719842572,ua,,UTC+0300,Unknown,android,production
,,,,0,,aac10c581f59053b80c80ec384ee4e681c142783,,google,phone,2.3.1,,1719842577,ru,,UTC+0300,Unknown,android,production
,,,,,,,,google,phone,,,1719842559,us,,UTC+0000,Unknown,android,
,,,,0,,04b696ff3a8a5fc10a16a21486d12606f81f7fcb,,itunes,phone,240627199,,1719842575,ru,,UTC+0300,Unknown,ios,production
,,,,,,,,google,phone,,,1719842568,ru,,UTC+0000,Unknown,android,
,,,,,,,,google,phone,,,1719842546,ru,,UTC+0000,Unknown,android,
,,,,1,,3b650d33deb7e4c67287897e9f407af3a88ac40e,,itunes,phone,240627199,,1719842575,ru,,UTC+0300,Unknown,ios,production
,,,,,,,,itunes,tablet,,,1719842549,ru,,UTC+0000,Unknown,ios,
,,,,0,,16d2a8aab2b04d18859fb6962755f48fc672f950,,google,phone,2.3.1,,1719842549,ru,,UTC+0300,Unknown,android,production
,,,,0,,2eb22bda58da52abd8879eeb7ab1e2528c8ede32,,Unknown,Unknown,240627199,,1719842583,tr,,UTC+0300,Unknown,ios,production
,,,,0,,6206fa6dca13fe731b39c41a0a474538142c7a5c,,Unknown,Unknown,240627199,,1719842545,ru,,UTC+0300,mobile_app,ios,production
,,,,0,,abe59187a11648ddf5881d3755d2a41141f971da,,Unknown,Unknown,2.3.1,,1719842576,by,,UTC+0300,Unknown,android,production
,,,,0,,6962d07fbc2cdfc7f649ca26b20d44725bf9f194,,Unknown,Unknown,2.3.1,,1719842496,ru,,UTC+0300,Unknown,android,production
,,,,0,,848d2aef57a4f2d725b49608fe8a024e698c7045,,Unknown,Unknown,2.3.1,,1719842584,ua,,UTC+0300,Unknown,android,production
,,,,0,,218904bc92c8c13a79c2d280a1b1a60d93db406c,,Unknown,Unknown,2.3.1,,1719842553,ru,,UTC+0300,Unknown,android,production
,,,,,,,,Unknown,Unknown,,,1719842585,ru,,UTC+0000,Unknown,android,
,,,,0,,cc401e3d96836edbb59bd5e3490719405c4a89de,,Unknown,Unknown,2.3.1,,1719842587,ua,,UTC+0300,Unknown,android,production
,,,,0,,4ffb687c0f07edb96cc2ad5d0fbb9013efa4814d,,Unknown,Unknown,2.3.1,,1719842586,ru,,UTC+0600,Unknown,android,production
,,,,0,,2eb22bda58da52abd8879eeb7ab1e2528c8ede32,,Unknown,Unknown,240627199,,1719842554,tr,,UTC+0300,Unknown,ios,production
,,,,,,,,Unknown,Unknown,,,1719842580,be,,UTC+0000,Unknown,android,
,,,,,,,,Unknown,Unknown,,,1719842584,by,,UTC+0000,Unknown,android,
,,,,0,,cc401e3d96836edbb59bd5e3490719405c4a89de,,Unknown,Unknown,2.3.1,,1719842556,ua,,UTC+0300,Unknown,android,production
,,,,0,,ebf5cc458b6e749645fd6a1443c954a4726247e1,,Unknown,Unknown,2.3.1,,1719842581,ru,,UTC+0500,Unknown,android,production
,,,,,,,,Unknown,Unknown,,,1719842571,ru,,UTC+0000,Unknown,ios,
,,,,,,,,Unknown,Unknown,,,1719842589,es,,UTC+0000,Unknown,android,
,,,,,,,,Unknown,Unknown,,,1719842592,ua,,UTC+0000,Unknown,android,
,,,,0,,218904bc92c8c13a79c2d280a1b1a60d93db406c,,Unknown,Unknown,2.3.1,,1719842583,ru,,UTC+0300,Unknown,android,production
,,,,,,,,Unknown,Unknown,,,1719842583,ua,,UTC+0000,Unknown,android,
,,,,,,,,Unknown,Unknown,,,1719842586,ru,,UTC+0000,Unknown,ios,
ru,,,,0,,abe59187a11648ddf5881d3755d2a41141f971da,,Unknown,Unknown,2.3.1,,1719842557,by,,UTC+0300,mobile_app,android,production
,,,,0,,6962d07fbc2cdfc7f649ca26b20d44725bf9f194,,Unknown,Unknown,2.3.1,,1719842573,ru,,UTC+0300,Unknown,android,production
,,,,,,,,Unknown,Unknown,,,1719842591,,,UTC+0000,Unknown,Unknown,
,,,,,,,,Unknown,Unknown,,,1719842561,ru,,UTC+0000,Unknown,android,
,,,,0,,6206fa6dca13fe731b39c41a0a474538142c7a5c,,Unknown,Unknown,240627199,,1719842591,ru,,UTC+0300,Unknown,ios,production
,,,,,,,,Unknown,Unknown,,,1719842590,ru,,UTC+0000,Unknown,android,
us,,,,0,,b8a31398dbde2e757c6277c5c152954a4183cec6,,Unknown,Unknown,240627199,,1719842557,ua,,UTC+0300,mobile_app,ios,production
,,,,0,,abe59187a11648ddf5881d3755d2a41141f971da,,Unknown,Unknown,2.3.1,,1719842592,by,,UTC+0300,Unknown,android,production
,,,,0,,cc401e3d96836edbb59bd5e3490719405c4a89de,,Unknown,Unknown,2.3.1,,1719842541,ua,,UTC+0300,Unknown,android,production
,,,,0,,16d2a8aab2b04d18859fb6962755f48fc672f950,,Unknown,Unknown,2.3.1,,1719842592,ru,,UTC+0300,Unknown,android,production
,,,,,,,,Unknown,Unknown,,,1719842594,ru,,UTC+0000,Unknown,android,
,,,,0,,6bae38a78066cbca7b78f5fa0d87c9f06ea65413,,Unknown,Unknown,2.3.1,,1719842582,ru,,UTC+0300,Unknown,android,production
,,,,,,,,Unknown,Unknown,,,1719842586,ru,,UTC+0000,Unknown,android,
,,,,,,,,Unknown,Unknown,,,1719842592,ru,,UTC+0000,Unknown,android,
,,,,,,,,Unknown,Unknown,,,1719842604,ua,,UTC+0000,Unknown,android,
,,,,,,,,Unknown,Unknown,,,1719842606,ru,,UTC+0000,Unknown,android,
,,,,,,,,Unknown,Unknown,,,1719842567,ru,,UTC+0000,Unknown,ios,
,,,,0,,16d2a8aab2b04d18859fb6962755f48fc672f950,,Unknown,Unknown,2.3.1,,1719842533,ru,,UTC+0300,Unknown,android,production
,,,,0,,df6d913207233ae805801569df86d7879017185b,,Unknown,Unknown,2.3.1,,1719842585,ua,,UTC+0300,Unknown,android,production
,,,,,,,,Unknown,Unknown,,,1719842601,ua,,UTC+0000,Unknown,android,
,,,,,,,,Unknown,Unknown,,,1719842606,es,,UTC+0000,Unknown,android,
,,,,0,,6bae38a78066cbca7b78f5fa0d87c9f06ea65413,,Unknown,Unknown,2.3.1,,1719842601,ru,,UTC+0300,Unknown,android,production
,,,,0,,6206fa6dca13fe731b39c41a0a474538142c7a5c,,Unknown,Unknown,240627199,,1719842573,ru,,UTC+0300,Unknown,ios,production
,,,,0,,cc401e3d96836edbb59bd5e3490719405c4a89de,,Unknown,Unknown,2.3.1,,1719842612,ua,,UTC+0300,Unknown,android,production
,,,,0,,04b696ff3a8a5fc10a16a21486d12606f81f7fcb,,Unknown,Unknown,240627199,,1719842590,ru,,UTC+0300,Unknown,ios,production
,,,,0,,82c96ac8b6a081d729fb81796c403f7eb1244c03,,Unknown,Unknown,2.3.1,,1719842581,ua,,UTC+0300,Unknown,android,production
,,,,,,,,Unknown,Unknown,,,1719842555,th,,UTC+0000,Unknown,android,
,,,,0,,2eb22bda58da52abd8879eeb7ab1e2528c8ede32,,Unknown,Unknown,240627199,,1719842612,tr,,UTC+0300,Unknown,ios,production
,,,,0,,4ffb687c0f07edb96cc2ad5d0fbb9013efa4814d,,Unknown,Unknown,2.3.1,,1719842558,ru,,UTC+0600,Unknown,android,production
,,,,0,,16d2a8aab2b04d18859fb6962755f48fc672f950,,Unknown,Unknown,2.3.1,,1719842559,ru,,UTC+0300,Unknown,android,production
,,,,,,,,Unknown,Unknown,,,1719842617,ru,,UTC+0000,Unknown,android,
,,,,0,,e9c16552097a6845f4a134cd8ad5f87bc465ec4e,,Unknown,Unknown,2.3.0,,1719842561,ua,,UTC+0300,Unknown,android,production
,,,,0,,218904bc92c8c13a79c2d280a1b1a60d93db406c,,Unknown,Unknown,2.3.1,,1719842592,ru,,UTC+0300,Unknown,android,production
,,,,,,,,Unknown,Unknown,,,1719842611,cz,,UTC+0000,Unknown,android,
,,,,0,,8915408e8462e41fa05e70f22809de56973cee5e,,Unknown,Unknown,2.3.1,,1719842585,ru,,UTC+0300,Unknown,android,production
,,,,0,,16d2a8aab2b04d18859fb6962755f48fc672f950,,Unknown,Unknown,2.3.1,,1719842616,ru,,UTC+0300,Unknown,android,production
,,,,0,,ebf5cc458b6e749645fd6a1443c954a4726247e1,,Unknown,Unknown,2.3.1,,1719842615,ru,,UTC+0500,Unknown,android,production
,,,,0,,cc401e3d96836edbb59bd5e3490719405c4a89de,,Unknown,Unknown,2.3.1,,1719842626,ua,,UTC+0300,Unknown,android,production
,,,,0,,6bae38a78066cbca7b78f5fa0d87c9f06ea65413,,Unknown,Unknown,2.3.1,,1719842619,ru,,UTC+0300,Unknown,android,production
,,,,0,,04b696ff3a8a5fc10a16a21486d12606f81f7fcb,,Unknown,Unknown,240627199,,1719842623,ru,,UTC+0300,Unknown,ios,production
,,,,0,,6962d07fbc2cdfc7f649ca26b20d44725bf9f194,,Unknown,Unknown,2.3.1,,1719842587,ru,,UTC+0300,Unknown,android,production
,,,,1,,3b650d33deb7e4c67287897e9f407af3a88ac40e,,Unknown,Unknown,240627199,,1719842624,ru,,UTC+0300,Unknown,ios,production
,,,,0,,55a3cf3d700e2b1d4e3eae323f361f0b93cd9a5a,,Unknown,Unknown,2.3.1,,1719842570,ru,,UTC+0400,Unknown,android,production
,,,,1,,3b650d33deb7e4c67287897e9f407af3a88ac40e,,Unknown,Unknown,240627199,,1719842592,ru,,UTC+0300,Unknown,ios,production
,,,,,,,,Unknown,Unknown,,,1719842621,ru,,UTC+0000,Unknown,android,
,,,,0,,aac10c581f59053b80c80ec384ee4e681c142783,,Unknown,Unknown,2.3.1,,1719842581,ru,,UTC+0300,Unknown,android,production
,,,,,,,,Unknown,Unknown,,,1719842621,jp,,UTC+0000,Unknown,android,
,,,,0,,04b696ff3a8a5fc10a16a21486d12606f81f7fcb,,Unknown,Unknown,240627199,,1719842605,ru,,UTC+0300,Unknown,ios,production
,,,,0,,16d2a8aab2b04d18859fb6962755f48fc672f950,,Unknown,Unknown,2.3.1,,1719842607,ru,,UTC+0300,Unknown,android,production
,,,,,,,,Unknown,Unknown,,,1719842626,ua,,UTC+0000,Unknown,android,
,,,,,,,,Unknown,Unknown,,,1719842600,ru,,UTC+0000,Unknown,ios,
,,,,,,,,Unknown,Unknown,,,1719842573,ua,,UTC+0000,Unknown,android,
,,,,,,,,Unknown,Unknown,,,1719842579,ua,,UTC+0000,Unknown,android,
,,,,,,,,Unknown,Unknown,,,1719842631,ru,,UTC+0000,Unknown,android,
,,,,0,,16d2a8aab2b04d18859fb6962755f48fc672f950,,Unknown,Unknown,2.3.1,,1719842565,ru,,UTC+0300,Unknown,android,production
,,,,1,,3b650d33deb7e4c67287897e9f407af3a88ac40e,,Unknown,Unknown,240627199,,1719842608,ru,,UTC+0300,Unknown,ios,production
,,,,,,,,Unknown,Unknown,,,1719842590,es,,UTC+0000,Unknown,android,
,,,,,,,,Unknown,Unknown,,,1719842634,ru,,UTC+0000,Unknown,android,
,,,,,,,,Unknown,Unknown,,,1719842614,ru,,UTC+0000,Unknown,android,
,,,,0,,abe59187a11648ddf5881d3755d2a41141f971da,,Unknown,Unknown,2.3.1,,1719842615,by,,UTC+0300,Unknown,android,production
,,,,0,,4ffb687c0f07edb96cc2ad5d0fbb9013efa4814d,,Unknown,Unknown,2.3.1,,1719842593,ru,,UTC+0600,Unknown,android,production
,,,,,,,,Unknown,Unknown,,,1719842594,pl,,UTC+0000,Unknown,android,
,,,,,,,,Unknown,Unknown,,,1719842595,ru,,UTC+0000,Unknown,android,
,,,,0,,16d2a8aab2b04d18859fb6962755f48fc672f950,,Unknown,Unknown,2.3.1,,1719842634,ru,,UTC+0300,Unknown,android,production
,,,,0,,6962d07fbc2cdfc7f649ca26b20d44725bf9f194,,Unknown,Unknown,2.3.1,,1719842623,ru,,UTC+0300,Unknown,android,production
,,,,,,,,Unknown,Unknown,,,1719842619,kr,,UTC+0000,Unknown,android,
,,,,,,,,Unknown,Unknown,,,1719842635,hu,,UTC+0000,Unknown,android,
,,,,,,,,Unknown,Unknown,,,1719842599,be,,UTC+0000,Unknown,android,
,,,,,,,,Unknown,Unknown,,,1719842636,ru,,UTC+0000,Unknown,android,
,,,,0,,6206fa6dca13fe731b39c41a0a474538142c7a5c,,Unknown,Unknown,240627199,,1719842636,ru,,UTC+0300,Unknown,ios,production
,,,,,,,,Unknown,Unknown,,,1719842636,,,UTC+0000,Unknown,Unknown,
,,,,,,,,Unknown,Unknown,,,1719842629,ru,,UTC+0000,Unknown,ios,
,,,,0,,55a3cf3d700e2b1d4e3eae323f361f0b93cd9a5a,,Unknown,Unknown,2.3.1,,1719842608,ru,,UTC+0400,Unknown,android,production
,,,,,,,,Unknown,Unknown,,,1719842637,es,,UTC+0000,Unknown,android,
,,,,0,,aac10c581f59053b80c80ec384ee4e681c142783,,Unknown,Unknown,2.3.1,,1719842638,ru,,UTC+0300,Unknown,android,production
,,,,0,,82c96ac8b6a081d729fb81796c403f7eb1244c03,,Unknown,Unknown,2.3.1,,1719842586,ua,,UTC+0300,Unknown,android,production
,,,,0,,04b696ff3a8a5fc10a16a21486d12606f81f7fcb,,Unknown,Unknown,240627199,,1719842639,ru,,UTC+0300,Unknown,ios,production
,,,,1,,3b650d33deb7e4c67287897e9f407af3a88ac40e,,Unknown,Unknown,240627199,,1719842639,ru,,UTC+0300,Unknown,ios,production
,,,,0,,6962d07fbc2cdfc7f649ca26b20d44725bf9f194,,Unknown,Unknown,2.3.1,,1719842639,ru,,UTC+0300,Unknown,android,production
,,,,,,,,Unknown,Unknown,,,1719842640,ru,,UTC+0000,Unknown,android,
,,,,0,,cc401e3d96836edbb59bd5e3490719405c4a89de,,Unknown,Unknown,2.3.1,,1719842633,ua,,UTC+0300,Unknown,android,production
,,,,0,,4ffb687c0f07edb96cc2ad5d0fbb9013efa4814d,,Unknown,Unknown,2.3.1,,1719842641,ru,,UTC+0600,Unknown,android,production
,,,,,,,,Unknown,Unknown,,,1719842641,ru,,UTC+0000,Unknown,ios,
,,,,,,,,Unknown,Unknown,,,1719842628,ru,,UTC+0000,Unknown,ios,
,,,,,,,,Unknown,Unknown,,,1719842643,ru,,UTC+0000,Unknown,android,
,,,,0,,04b696ff3a8a5fc10a16a21486d12606f81f7fcb,,Unknown,Unknown,240627199,,1719842644,ru,,UTC+0300,Unknown,ios,production
,,,,0,,2eb22bda58da52abd8879eeb7ab1e2528c8ede32,,Unknown,Unknown,240627199,,1719842636,tr,,UTC+0300,Unknown,ios,production
,,,,0,,218904bc92c8c13a79c2d280a1b1a60d93db406c,,Unknown,Unknown,2.3.1,,1719842645,ru,,UTC+0300,Unknown,android,production
,,,,,,,,Unknown,Unknown,,,1719842640,by,,UTC+0000,Unknown,android,
,,,,,,,,Unknown,Unknown,,,1719842642,ua,,UTC+0000,Unknown,android,
,,,,,,,,Unknown,Unknown,,,1719842646,ch,,UTC+0000,Unknown,android,
,,,,0,,e9c16552097a6845f4a134cd8ad5f87bc465ec4e,,Unknown,Unknown,2.3.0,,1719842647,ua,,UTC+0300,Unknown,android,production
,,,,0,,ebf5cc458b6e749645fd6a1443c954a4726247e1,,Unknown,Unknown,2.3.1,,1719842646,ru,,UTC+0500,Unknown,android,production
,,,,0,,55a3cf3d700e2b1d4e3eae323f361f0b93cd9a5a,,Unknown,Unknown,2.3.1,,1719842647,ru,,UTC+0400,Unknown,android,production
,,,,,,,,Unknown,Unknown,,,1719842649,ru,,UTC+0000,Unknown,android,
,,,,,,,,Unknown,Unknown,,,1719842649,ro,,UTC+0000,Unknown,android,
,,,,0,,8915408e8462e41fa05e70f22809de56973cee5e,,Unknown,Unknown,2.3.1,,1719842650,ru,,UTC+0300,Unknown,android,production
,,,,0,,2eb22bda58da52abd8879eeb7ab1e2528c8ede32,,Unknown,Unknown,240627199,,1719842651,tr,,UTC+0300,Unknown,ios,production
,,,,1,,3b650d33deb7e4c67287897e9f407af3a88ac40e,,Unknown,Unknown,240627199,,1719842651,ru,,UTC+0300,Unknown,ios,production
,,,,,,,,Unknown,Unknown,,,1719842651,by,,UTC+0000,Unknown,android,
,,,,0,,6bae38a78066cbca7b78f5fa0d87c9f06ea65413,,Unknown,Unknown,2.3.1,,1719842638,ru,,UTC+0300,Unknown,android,production
,,,,0,,6bae38a78066cbca7b78f5fa0d87c9f06ea65413,,Unknown,Unknown,2.3.1,,1719842649,ru,,UTC+0300,Unknown,android,production
,,,,0,,16d2a8aab2b04d18859fb6962755f48fc672f950,,Unknown,Unknown,2.3.1,,1719842652,ru,,UTC+0300,Unknown,android,production
,,,,,,,,Unknown,Unknown,,,1719842654,il,,UTC+0000,Unknown,android,
,,,,,,,,Unknown,Unknown,,,1719842654,ru,,UTC+0000,Unknown,android,
,,,,,,,,Unknown,Unknown,,,1719842654,fi,,UTC+0000,Unknown,ios,
,,,,,,,,Unknown,Unknown,,,1719842655,ru,,UTC+0000,Unknown,android,
,,,,,,,,Unknown,Unknown,,,1719842655,kr,,UTC+0000,Unknown,android,
,,,,0,,abe59187a11648ddf5881d3755d2a41141f971da,,Unknown,Unknown,2.3.1,,1719842625,by,,UTC+0300,Unknown,android,production
,,,,0,,cc401e3d96836edbb59bd5e3490719405c4a89de,,Unknown,Unknown,2.3.1,,1719842655,ua,,UTC+0300,Unknown,android,production
,,,,,,,,Unknown,Unknown,,,1719842656,ua,,UTC+0000,Unknown,android,
,,,,1,,3b650d33deb7e4c67287897e9f407af3a88ac40e,,Unknown,Unknown,240627199,,1719842658,ru,,UTC+0300,Unknown,ios,production
,,,,,,,,Unknown,Unknown,,,1719842658,ru,,UTC+0000,Unknown,ios,
,,,,,,,,Unknown,Unknown,,,1719842659,ru,,UTC+0000,Unknown,android,
,,,,,,,,Unknown,Unknown,,,1719842660,ru,,UTC+0000,Unknown,android,
,,,,0,,82c96ac8b6a081d729fb81796c403f7eb1244c03,,Unknown,Unknown,2.3.1,,1719842646,ua,,UTC+0300,Unknown,android,production
,,,,1,,98895e8c82349c67c3471e378ccd8ef5957cb1d9,,Unknown,Unknown,2.2.2,,1717146721,ru,,UTC+0800,Unknown,android,production
,,,,,,,,Unknown,Unknown,,,1719842662,ru,,UTC+0000,Unknown,android,
,,,,,,,,Unknown,Unknown,,,1719842663,de,,UTC+0000,Unknown,android,
,,,,,,,,Unknown,Unknown,,,1719842664,ru,,UTC+0000,Unknown,android,
,,,,,,,,Unknown,Unknown,,,1719842664,il,,UTC+0000,Unknown,android,
,,,,,,,,Unknown,Unknown,,,1719842664,ua,,UTC+0000,Unknown,android,
,,,,0,,04b696ff3a8a5fc10a16a21486d12606f81f7fcb,,Unknown,Unknown,240627199,,1719842666,ru,,UTC+0300,Unknown,ios,production
,,,,0,,848d2aef57a4f2d725b49608fe8a024e698c7045,,Unknown,Unknown,2.3.1,,1719842665,ua,,UTC+0300,Unknown,android,production
,,,,0,,6962d07fbc2cdfc7f649ca26b20d44725bf9f194,,Unknown,Unknown,2.3.1,,1719842654,ru,,UTC+0300,Unknown,android,production
,,,,0,,2eb22bda58da52abd8879eeb7ab1e2528c8ede32,,Unknown,Unknown,240627199,,1719842668,tr,,UTC+0300,Unknown,ios,production
,,,,,,,,Unknown,Unknown,,,1719842669,ru,,UTC+0000,Unknown,android,
,,,,,,,,Unknown,Unknown,,,1719842670,ru,,UTC+0000,Unknown,android,
,,,,0,,cc401e3d96836edbb59bd5e3490719405c4a89de,,Unknown,Unknown,2.3.1,,1719842670,ua,,UTC+0300,Unknown,android,production
,,,,,,,,Unknown,Unknown,,,1719842671,ru,,UTC+0000,Unknown,android,
,,,,0,,6962d07fbc2cdfc7f649ca26b20d44725bf9f194,,Unknown,Unknown,2.3.1,,1719842671,ru,,UTC+0300,Unknown,android,production
,,,,0,,218904bc92c8c13a79c2d280a1b1a60d93db406c,,Unknown,Unknown,2.3.1,,1719842657,ru,,UTC+0300,Unknown,android,production
,,,,0,,abe59187a11648ddf5881d3755d2a41141f971da,,Unknown,Unknown,2.3.1,,1719842670,by,,UTC+0300,Unknown,android,production
,,,,,,,,Unknown,Unknown,,,1719842672,ua,,UTC+0000,Unknown,android,
,,,,,,,,Unknown,Unknown,,,1719842673,us,,UTC+0000,Unknown,android,
,,,,,,,,Unknown,Unknown,,,1719842673,ru,,UTC+0000,Unknown,android,
,,,,,,,,Unknown,Unknown,,,1719842674,ru,,UTC+0000,Unknown,android,
,,,,1,,3b650d33deb7e4c67287897e9f407af3a88ac40e,,Unknown,Unknown,240627199,,1719842677,ru,,UTC+0300,Unknown,ios,production
,,,,,,,,Unknown,Unknown,,,1719842677,,,UTC+0000,Unknown,Unknown,
,,,,0,,6206fa6dca13fe731b39c41a0a474538142c7a5c,,Unknown,Unknown,240627199,,1719842677,ru,,UTC+0300,Unknown,ios,production
,,,,,,,,Unknown,Unknown,,,1719842681,ru,,UTC+0000,Unknown,android,
,,,,0,,04b696ff3a8a5fc10a16a21486d12606f81f7fcb,,Unknown,Unknown,240627199,,1719842681,ru,,UTC+0300,Unknown,ios,production
,,,,0,,2eb22bda58da52abd8879eeb7ab1e2528c8ede32,,Unknown,Unknown,240627199,,1719842683,tr,,UTC+0300,Unknown,ios,production
,,,,0,,df6d913207233ae805801569df86d7879017185b,,Unknown,Unknown,2.3.1,,1719842670,ua,,UTC+0300,Unknown,android,production
,,,,0,,16d2a8aab2b04d18859fb6962755f48fc672f950,,Unknown,Unknown,2.3.1,,1719842684,ru,,UTC+0300,Unknown,android,production
,,,,,,,,Unknown,Unknown,,,1719842684,hu,,UTC+0000,Unknown,android,
,,,,,,,,Unknown,Unknown,,,1719842686,ru,,UTC+0000,Unknown,android,
,,,,,,,,Unknown,Unknown,,,1719842687,ua,,UTC+0000,Unknown,android,
,,,,0,,aac10c581f59053b80c80ec384ee4e681c142783,,Unknown,Unknown,2.3.1,,1719842688,ru,,UTC+0300,Unknown,android,production
,,,,,,,,Unknown,Unknown,,,1719842689,es,,UTC+0000,Unknown,android,
,,,,,,,,Unknown,Unknown,,,1719842689,ru,,UTC+0000,Unknown,android,
,,,,,,,,Unknown,Unknown,,,1719842690,ru,,UTC+0000,Unknown,android,
,,,,0,,6962d07fbc2cdfc7f649ca26b20d44725bf9f194,,Unknown,Unknown,2.3.1,,1719842690,ru,,UTC+0300,Unknown,android,production
,,,,0,,55a3cf3d700e2b1d4e3eae323f361f0b93cd9a5a,,Unknown,Unknown,2.3.1,,1719842676,ru,,UTC+0400,Unknown,android,production
,,,,0,,2eb22bda58da52abd8879eeb7ab1e2528c8ede32,,Unknown,Unknown,240627199,,1719842693,tr,,UTC+0300,Unknown,ios,production
,,,,,,,,Unknown,Unknown,,,1719842694,ua,,UTC+0000,Unknown,android,
ru,,,,1,,98895e8c82349c67c3471e378ccd8ef5957cb1d9,,Unknown,Unknown,2.3.1,,1719842650,ru,,UTC+0700,mobile_app,android,production
,,,,0,,4ffb687c0f07edb96cc2ad5d0fbb9013efa4814d,,Unknown,Unknown,2.3.1,,1719842694,ru,,UTC+0600,Unknown,android,production
,,,,,,,,Unknown,Unknown,,,1719842696,ru,,UTC+0000,Unknown,android,
,,,,0,,90995e29182ce2ee1fa94f39813b7c6b6f0835f1,,Unknown,Unknown,2.3.1,,1719842696,ru,,UTC+0300,Unknown,android,production
,,,,0,,04b696ff3a8a5fc10a16a21486d12606f81f7fcb,,Unknown,Unknown,240627199,,1719842696,ru,,UTC+0300,Unknown,ios,production
,,,,,,,,Unknown,Unknown,,,1719842697,ru,,UTC+0000,Unknown,android,
,,,,,,,,Unknown,Unknown,,,1719842698,ru,,UTC+0000,Unknown,ios,
,,,,0,,abe59187a11648ddf5881d3755d2a41141f971da,,Unknown,Unknown,2.3.1,,1719842677,by,,UTC+0300,Unknown,android,production
,,,,1,,3b650d33deb7e4c67287897e9f407af3a88ac40e,,Unknown,Unknown,240627199,,1719842699,ru,,UTC+0300,Unknown,ios,production
,,,,0,,16d2a8aab2b04d18859fb6962755f48fc672f950,,Unknown,Unknown,2.3.1,,1719842701,ru,,UTC+0300,Unknown,android,production
,,,,,,,,Unknown,Unknown,,,1719842701,cz,,UTC+0000,Unknown,android,
,,,,,,,,Unknown,Unknown,,,1719842701,ua,,UTC+0000,Unknown,android,
,,,,,,,,Unknown,Unknown,,,1719842702,ru,,UTC+0000,Unknown,android,
,,,,0,,8f6b2e5bdb1f771058dbfa1701e3dc6f0ab41aab,,Unknown,Unknown,2.3.1,,1719842704,ru,,UTC+0300,Unknown,android,production
,,,,0,,218904bc92c8c13a79c2d280a1b1a60d93db406c,,Unknown,Unknown,2.3.1,,1719842704,ru,,UTC+0300,Unknown,android,production
,,,,,,,,Unknown,Unknown,,,1719842706,ru,,UTC+0000,Unknown,android,
,,,,0,,55a3cf3d700e2b1d4e3eae323f361f0b93cd9a5a,,Unknown,Unknown,2.3.1,,1719842707,ru,,UTC+0400,Unknown,android,production
,,,,,,,,Unknown,Unknown,,,1719842707,ru,,UTC+0000,Unknown,android,
,,,,,,,,Unknown,Unknown,,,1719842708,hk,,UTC+0000,Unknown,ios,
,,,,,,,,Unknown,Unknown,,,1719842710,es,,UTC+0000,Unknown,android,
,,,,,,,,Unknown,Unknown,,,1719842710,ru,,UTC+0000,Unknown,android,
,,,,0,,6206fa6dca13fe731b39c41a0a474538142c7a5c,,Unknown,Unknown,240627199,,1719842710,ru,,UTC+0300,Unknown,ios,production
,,,,0,,04b696ff3a8a5fc10a16a21486d12606f81f7fcb,,Unknown,Unknown,240627199,,1719842711,ru,,UTC+0300,Unknown,ios,production
,,,,,,,,Unknown,Unknown,,,1719842712,ru,,UTC+0000,Unknown,android,
,,,,,,,,Unknown,Unknown,,,1719842712,my,,UTC+0000,Unknown,android,
,,,,,,,,Unknown,Unknown,,,1719842713,es,,UTC+0000,Unknown,android,
,,,,,,,,Unknown,Unknown,,,1719842714,ru,,UTC+0000,Unknown,android,
,,,,,,,,Unknown,Unknown,,,1719842715,ru,,UTC+0000,Unknown,ios,
,,,,1,,3b650d33deb7e4c67287897e9f407af3a88ac40e,,Unknown,Unknown,240627199,,1719842715,ru,,UTC+0300,Unknown,ios,production
,,,,,,,,Unknown,Unknown,,,1719842715,by,,UTC+0000,Unknown,android,
,,,,0,,8915408e8462e41fa05e70f22809de56973cee5e,,Unknown,Unknown,2.3.1,,1719842657,ru,,UTC+0300,Unknown,android,production
,,,,,,,,Unknown,Unknown,,,1719842718,ru,,UTC+0000,Unknown,android,
,,,,0,,8f6b2e5bdb1f771058dbfa1701e3dc6f0ab41aab,,Unknown,Unknown,2.3.1,,1719842719,ru,,UTC+0300,Unknown,android,production
,,,,,,,,Unknown,Unknown,,,1719842719,nl,,UTC+0000,Unknown,android,
,,,,0,,55a3cf3d700e2b1d4e3eae323f361f0b93cd9a5a,,Unknown,Unknown,2.3.1,,1719842713,ru,,UTC+0400,Unknown,android,production
,,,,,,,,Unknown,Unknown,,,1719842721,es,,UTC+0000,Unknown,android,
,,,,0,,aac10c581f59053b80c80ec384ee4e681c142783,,Unknown,Unknown,2.3.1,,1719842721,ru,,UTC+0300,Unknown,android,production
,,,,0,,4ffb687c0f07edb96cc2ad5d0fbb9013efa4814d,,Unknown,Unknown,2.3.1,,1719842723,ru,,UTC+0600,Unknown,android,production
,,,,,,,,Unknown,Unknown,,,1719842724,ru,,UTC+0000,Unknown,android,
,,,,0,,6bae38a78066cbca7b78f5fa0d87c9f06ea65413,,Unknown,Unknown,2.3.1,,1719842690,ru,,UTC+0300,Unknown,android,production
,,,,,,,,Unknown,Unknown,,,1719842724,by,,UTC+0000,Unknown,android,
,,,,0,,04b696ff3a8a5fc10a16a21486d12606f81f7fcb,,Unknown,Unknown,240627199,,1719842725,ru,,UTC+0300,Unknown,ios,production
,,,,,,,,Unknown,Unknown,,,1719842725,ru,,UTC+0000,Unknown,android,
,,,,,,,,Unknown,Unknown,,,1719842727,bg,,UTC+0000,Unknown,android,
,,,,,,,,Unknown,Unknown,,,1719842727,hu,,UTC+0000,Unknown,android,
,,,,1,,6416967750f29094d064bc45a29dac77604082f8,,Unknown,Unknown,2.3.1,,1719840551,ua,,UTC+0300,Unknown,android,production
,,,,0,,6bae38a78066cbca7b78f5fa0d87c9f06ea65413,,Unknown,Unknown,2.3.1,,1719842728,ru,,UTC+0300,Unknown,android,production
,,,,1,,6416967750f29094d064bc45a29dac77604082f8,,Unknown,Unknown,2.3.1,,1719842728,ua,,UTC+0300,Unknown,android,production
,,,,1,,3b650d33deb7e4c67287897e9f407af3a88ac40e,,Unknown,Unknown,240627199,,1719842728,ru,,UTC+0300,Unknown,ios,production
,,,,0,,848d2aef57a4f2d725b49608fe8a024e698c7045,,Unknown,Unknown,2.3.1,,1719842728,ua,,UTC+0300,Unknown,android,production
,,,,,,,,Unknown,Unknown,,,1719842729,ru,,UTC+0000,Unknown,android,
,,,,,,,,Unknown,Unknown,,,1719842729,bg,,UTC+0000,Unknown,android,
,,,,,,,,Unknown,Unknown,,,1719842730,es,,UTC+0000,Unknown,android,
,,,,,,,,Unknown,Unknown,,,1719842731,ru,,UTC+0000,Unknown,android,
,,,,0,,82c96ac8b6a081d729fb81796c403f7eb1244c03,,Unknown,Unknown,2.3.1,,1719842732,ua,,UTC+0300,Unknown,android,production
,,,,0,,cc401e3d96836edbb59bd5e3490719405c4a89de,,Unknown,Unknown,2.3.1,,1719842714,ua,,UTC+0300,Unknown,android,production
,,,,,,,,Unknown,Unknown,,,1719842734,ru,,UTC+0000,Unknown,android,
,,,,0,,8f6b2e5bdb1f771058dbfa1701e3dc6f0ab41aab,,Unknown,Unknown,2.3.1,,1719842734,ru,,UTC+0300,Unknown,android,production
,,,,0,,16d2a8aab2b04d18859fb6962755f48fc672f950,,Unknown,Unknown,2.3.1,,1719842709,ru,,UTC+0300,Unknown,android,production
,,,,,,,,Unknown,Unknown,,,1719842736,ru,,UTC+0000,Unknown,ios,
,,,,0,,8915408e8462e41fa05e70f22809de56973cee5e,,Unknown,Unknown,2.3.1,,1719842736,ru,,UTC+0300,Unknown,android,production
,,,,,,,,Unknown,Unknown,,,1719842739,ru,,UTC+0000,Unknown,android,
,,,,,,,,Unknown,Unknown,,,1719842739,cz,,UTC+0000,Unknown,android,
,,,,0,,04b696ff3a8a5fc10a16a21486d12606f81f7fcb,,Unknown,Unknown,240627199,,1719842740,ru,,UTC+0300,Unknown,ios,production
,,,,0,,cc401e3d96836edbb59bd5e3490719405c4a89de,,Unknown,Unknown,2.3.1,,1719842741,ua,,UTC+0300,Unknown,android,production
,,,,,,,,Unknown,Unknown,,,1719842741,fr,,UTC+0000,Unknown,android,
,,,,,,,,Unknown,Unknown,,,1719842744,it,,UTC+0000,Unknown,android,
,,,,,,,,Unknown,Unknown,,,1719842745,,,UTC+0000,Unknown,Unknown,
,,,,1,,3b650d33deb7e4c67287897e9f407af3a88ac40e,,Unknown,Unknown,240627199,,1719842745,ru,,UTC+0300,Unknown,ios,production
,,,,0,,6206fa6dca13fe731b39c41a0a474538142c7a5c,,Unknown,Unknown,240627199,,1719842745,ru,,UTC+0300,Unknown,ios,production
,,,,,,,,Unknown,Unknown,,,1719842746,ru,,UTC+0000,Unknown,android,
,,,,,,,,Unknown,Unknown,,,1719842746,ro,,UTC+0000,Unknown,android,
,,,,,,,,Unknown,Unknown,,,1719842746,se,,UTC+0000,Unknown,ios,
,,,,0,,6962d07fbc2cdfc7f649ca26b20d44725bf9f194,,Unknown,Unknown,2.3.1,,1719842699,ru,,UTC+0300,Unknown,android,production
,,,,,,,,Unknown,Unknown,,,1719842749,ru,,UTC+0000,Unknown,android,
,,,,,,,,Unknown,Unknown,,,1719842750,by,,UTC+0000,Unknown,android,
,,,,0,,4ffb687c0f07edb96cc2ad5d0fbb9013efa4814d,,Unknown,Unknown,2.3.1,,1719842750,ru,,UTC+0600,Unknown,android,production
,,,,0,,16d2a8aab2b04d18859fb6962755f48fc672f950,,Unknown,Unknown,2.3.1,,1719842752,ru,,UTC+0300,Unknown,android,production
,,,,,,,,Unknown,Unknown,,,1719842753,ru,,UTC+0000,Unknown,android,
,,,,,,,,Unknown,Unknown,,,1719842753,fr,,UTC+0000,Unknown,android,
,,,,,,,,Unknown,Unknown,,,1719842754,ru,,UTC+0000,Unknown,android,
,,,,0,,aac10c581f59053b80c80ec384ee4e681c142783,,Unknown,Unknown,2.3.1,,1719842754,ru,,UTC+0300,Unknown,android,production
,,,,0,,04b696ff3a8a5fc10a16a21486d12606f81f7fcb,,Unknown,Unknown,240627199,,1719842755,ru,,UTC+0300,Unknown,ios,production
,,,,0,,90995e29182ce2ee1fa94f39813b7c6b6f0835f1,,Unknown,Unknown,2.3.1,,1719842755,ru,,UTC+0300,Unknown,android,production
,,,,0,,848d2aef57a4f2d725b49608fe8a024e698c7045,,Unknown,Unknown,2.3.1,,1719842756,ua,,UTC+0300,Unknown,android,production
,,,,0,,cc401e3d96836edbb59bd5e3490719405c4a89de,,Unknown,Unknown,2.3.1,,1719842756,ua,,UTC+0300,Unknown,android,production
ua,,,,1,,6416967750f29094d064bc45a29dac77604082f8,,Unknown,Unknown,2.3.1,,1719842727,ua,,UTC+0300,mobile_app,android,production
,,,,,,,,Unknown,Unknown,,,1719842759,tr,,UTC+0000,Unknown,ios,
,,,,,,,,Unknown,Unknown,,,1719842760,ru,,UTC+0000,Unknown,android,
,,,,,,,,Unknown,Unknown,,,1719842760,br,,UTC+0000,Unknown,android,
,,,,1,,3b650d33deb7e4c67287897e9f407af3a88ac40e,,Unknown,Unknown,240627199,,1719842762,ru,,UTC+0300,Unknown,ios,production
,,,,0,,55a3cf3d700e2b1d4e3eae323f361f0b93cd9a5a,,Unknown,Unknown,2.3.1,,1719842746,ru,,UTC+0400,Unknown,android,production
,,,,0,,55a3cf3d700e2b1d4e3eae323f361f0b93cd9a5a,,Unknown,Unknown,2.3.1,,1719842762,ru,,UTC+0400,Unknown,android,production
,,,,,,,,Unknown,Unknown,,,1719842764,il,,UTC+0000,Unknown,android,
,,,,0,,6962d07fbc2cdfc7f649ca26b20d44725bf9f194,,Unknown,Unknown,2.3.1,,1719842765,ru,,UTC+0300,Unknown,android,production
,,,,,,,,Unknown,Unknown,,,1719842766,ru,,UTC+0000,Unknown,android,
,,,,,,,,Unknown,Unknown,,,1719842767,il,,UTC+0000,Unknown,android,
,,,,,,,,Unknown,Unknown,,,1719842768,ru,,UTC+0000,Unknown,ios,
,,,,,,,,Unknown,Unknown,,,1719842768,ru,,UTC+0000,Unknown,android,
,,,,,,,,Unknown,Unknown,,,1719842771,ua,,UTC+0000,Unknown,android,
,,,,0,,848d2aef57a4f2d725b49608fe8a024e698c7045,,Unknown,Unknown,2.3.1,,1719842771,ua,,UTC+0300,Unknown,android,production
,,,,,,,,Unknown,Unknown,,,1719842772,ru,,UTC+0000,Unknown,android,
,,,,0,,ebf5cc458b6e749645fd6a1443c954a4726247e1,,Unknown,Unknown,2.3.1,,1719842699,ru,,UTC+0500,Unknown,android,production
,,,,0,,04b696ff3a8a5fc10a16a21486d12606f81f7fcb,,Unknown,Unknown,240627199,,1719842773,ru,,UTC+0300,Unknown,ios,production
,,,,,,,,Unknown,Unknown,,,1719842773,ro,,UTC+0000,Unknown,android,
,,,,,,,,Unknown,Unknown,,,1719842774,br,,UTC+0000,Unknown,android,
,,,,,,,,Unknown,Unknown,,,1719842776,bg,,UTC+0000,Unknown,android,
,,,,0,,cc401e3d96836edbb59bd5e3490719405c4a89de,,Unknown,Unknown,2.3.1,,1719842776,ua,,UTC+0300,Unknown,android,production
,,,,0,,ebf5cc458b6e749645fd6a1443c954a4726247e1,,Unknown,Unknown,2.3.1,,1719842775,ru,,UTC+0500,Unknown,android,production
,,,,0,,6bae38a78066cbca7b78f5fa0d87c9f06ea65413,,Unknown,Unknown,2.3.1,,1719842762,ru,,UTC+0300,Unknown,android,production
,,,,1,,3b650d33deb7e4c67287897e9f407af3a88ac40e,,Unknown,Unknown,240627199,,1719842777,ru,,UTC+0300,Unknown,ios,production
,,,,0,,4ffb687c0f07edb96cc2ad5d0fbb9013efa4814d,,Unknown,Unknown,2.3.1,,1719842778,ru,,UTC+0600,Unknown,android,production
,,,,,,,,Unknown,Unknown,,,1719842781,ru,,UTC+0000,Unknown,android,
,,,,,,,,Unknown,Unknown,,,1719842782,es,,UTC+0000,Unknown,android,
,,,,0,,16d2a8aab2b04d18859fb6962755f48fc672f950,,Unknown,Unknown,2.3.1,,1719842757,ru,,UTC+0300,Unknown,android,production
,,,,,,,,Unknown,Unknown,,,1719842786,ru,,UTC+0000,Unknown,android,
,,,,0,,6962d07fbc2cdfc7f649ca26b20d44725bf9f194,,Unknown,Unknown,2.3.1,,1719842786,ru,,UTC+0300,Unknown,android,production
,,,,0,,848d2aef57a4f2d725b49608fe8a024e698c7045,,Unknown,Unknown,2.3.1,,1719842787,ua,,UTC+0300,Unknown,android,production
,,,,,,,,Unknown,Unknown,,,1719842788,ru,,UTC+0000,Unknown,android,
,,,,0,,8915408e8462e41fa05e70f22809de56973cee5e,,Unknown,Unknown,2.3.1,,1719842748,ru,,UTC+0300,Unknown,android,production
,,,,0,,04b696ff3a8a5fc10a16a21486d12606f81f7fcb,,Unknown,Unknown,240627199,,1719842789,ru,,UTC+0300,Unknown,ios,production
,,,,,,,,Unknown,Unknown,,,1719842790,ru,,UTC+0000,Unknown,ios,
,,,,0,,55a3cf3d700e2b1d4e3eae323f361f0b93cd9a5a,,Unknown,Unknown,2.3.1,,1719842790,ru,,UTC+0400,Unknown,android,production
,,,,0,,ebf5cc458b6e749645fd6a1443c954a4726247e1,,Unknown,Unknown,2.3.1,,1719842791,ru,,UTC+0500,Unknown,android,production
,,,,0,,cc401e3d96836edbb59bd5e3490719405c4a89de,,Unknown,Unknown,2.3.1,,1719842791,ua,,UTC+0300,Unknown,android,production
,,,,1,,3b650d33deb7e4c67287897e9f407af3a88ac40e,,Unknown,Unknown,240627199,,1719842793,ru,,UTC+0300,Unknown,ios,production
,,,,1,,6416967750f29094d064bc45a29dac77604082f8,,Unknown,Unknown,2.3.1,,1719842748,ua,,UTC+0300,Unknown,android,production
,,,,,,,,Unknown,Unknown,,,1719842797,us,,UTC+0000,Unknown,android,
,,,,0,,6bae38a78066cbca7b78f5fa0d87c9f06ea65413,,Unknown,Unknown,2.3.1,,1719842784,ru,,UTC+0300,Unknown,android,production
,,,,,,,,Unknown,Unknown,,,1719842801,ru,,UTC+0000,Unknown,android,
,,,,,,,,Unknown,Unknown,,,1719842802,es,,UTC+0000,Unknown,android,
,,,,0,,848d2aef57a4f2d725b49608fe8a024e698c7045,,Unknown,Unknown,2.3.1,,1719842801,ua,,UTC+0300,Unknown,android,production
,,,,0,,04b696ff3a8a5fc10a16a21486d12606f81f7fcb,,Unknown,Unknown,240627199,,1719842806,ru,,UTC+0300,Unknown,ios,production
,,,,0,,4ffb687c0f07edb96cc2ad5d0fbb9013efa4814d,,Unknown,Unknown,2.3.1,,1719842807,ru,,UTC+0600,Unknown,android,production
,,,,,,,,Unknown,Unknown,,,1719842807,it,,UTC+0000,Unknown,android,
,,,,,,,,Unknown,Unknown,,,1719842807,ru,,UTC+0000,Unknown,android,
,,,,0,,6206fa6dca13fe731b39c41a0a474538142c7a5c,,Unknown,Unknown,240627199,,1719842807,ru,,UTC+0300,Unknown,ios,production
ua,,,,0,,3b4db4900dc312dd81f0e311171a1e99c8849e32,,Unknown,Unknown,2.3.1,,1719842778,ua,,UTC+0300,mobile_app,android,production
,,,,,,,,Unknown,Unknown,,,1719842812,br,,UTC+0000,Unknown,android,
,,,,0,,16d2a8aab2b04d18859fb6962755f48fc672f950,,Unknown,Unknown,2.3.1,,1719842812,ru,,UTC+0300,Unknown,android,production
,,,,0,,82c96ac8b6a081d729fb81796c403f7eb1244c03,,Unknown,Unknown,2.3.1,,1719842812,ua,,UTC+0300,Unknown,android,production
,,,,0,,cc401e3d96836edbb59bd5e3490719405c4a89de,,Unknown,Unknown,2.3.1,,1719842806,ua,,UTC+0300,Unknown,android,production
,,,,1,,3b650d33deb7e4c67287897e9f407af3a88ac40e,,Unknown,Unknown,240627199,,1719842808,ru,,UTC+0300,Unknown,ios,production
,,,,,,,,Unknown,Unknown,,,1719842815,ru,,UTC+0000,Unknown,android,
,,,,0,,6206fa6dca13fe731b39c41a0a474538142c7a5c,,Unknown,Unknown,240627199,,1719842815,ru,,UTC+0300,Unknown,ios,production
,,,,0,,848d2aef57a4f2d725b49608fe8a024e698c7045,,Unknown,Unknown,2.3.1,,1719842817,ua,,UTC+0300,Unknown,android,production
,,,,,,,,Unknown,Unknown,,,1719842818,ro,,UTC+0000,Unknown,android,
,,,,,,,,Unknown,Unknown,,,1719842818,de,,UTC+0000,Unknown,android,
,,,,0,,04b696ff3a8a5fc10a16a21486d12606f81f7fcb,,Unknown,Unknown,240627199,,1719842822,ru,,UTC+0300,Unknown,ios,production
,,,,,,,,Unknown,Unknown,,,1719842822,ru,,UTC+0000,Unknown,ios,
,,,,,,,,Unknown,Unknown,,,1719842823,ru,,UTC+0000,Unknown,android,
,,,,,,,,Unknown,Unknown,,,1719842825,de,,UTC+0000,Unknown,android,
,,,,,,,,Unknown,Unknown,,,1719842824,es,,UTC+0000,Unknown,android,
,,,,,,,,Unknown,Unknown,,,1719842825,ru,,UTC+0000,Unknown,android,
ru,,,,0,,672e2679c00b6b8a34fbf011b39b8aff617231c2,,Unknown,Unknown,2.3.1,,1719842794,ru,,UTC+0400,mobile_app,android,production
,,,,1,,3b650d33deb7e4c67287897e9f407af3a88ac40e,,Unknown,Unknown,240627199,,1719842827,ru,,UTC+0300,Unknown,ios,production
,,,,,,,,Unknown,Unknown,,,1719842829,ru,,UTC+0000,Unknown,android,
,,,,0,,6206fa6dca13fe731b39c41a0a474538142c7a5c,,Unknown,Unknown,240627199,,1719842832,ru,,UTC+0300,Unknown,ios,production
,,,,,,,,Unknown,Unknown,,,1719842832,il,,UTC+0000,Unknown,android,
,,,,0,,848d2aef57a4f2d725b49608fe8a024e698c7045,,Unknown,Unknown,2.3.1,,1719842832,ua,,UTC+0300,Unknown,android,production
,,,,,,,,Unknown,Unknown,,,1719842832,ru,,UTC+0000,Unknown,ios,
,,,,,,,,Unknown,Unknown,,,1719842835,ru,,UTC+0000,Unknown,android,
,,,,0,,04b696ff3a8a5fc10a16a21486d12606f81f7fcb,,Unknown,Unknown,240627199,,1719842839,ru,,UTC+0300,Unknown,ios,production
,,,,,,,,Unknown,Unknown,,,1719842839,by,,UTC+0000,Unknown,android,
,,,,0,,cc401e3d96836edbb59bd5e3490719405c4a89de,,Unknown,Unknown,2.3.1,,1719842838,ua,,UTC+0300,Unknown,android,production
,,,,,,,,Unknown,Unknown,,,1719842840,ru,,UTC+0000,Unknown,ios,
,,,,,,,,Unknown,Unknown,,,1719842838,ru,,UTC+0000,Unknown,android,
,,,,,,,,Unknown,Unknown,,,1719842842,ru,,UTC+0000,Unknown,android,
,,,,,,,,Unknown,Unknown,,,1719842843,ru,,UTC+0000,Unknown,android,
,,,,0,,6bae38a78066cbca7b78f5fa0d87c9f06ea65413,,Unknown,Unknown,2.3.1,,1719842845,ru,,UTC+0300,Unknown,android,production
,,,,0,,8915408e8462e41fa05e70f22809de56973cee5e,,Unknown,Unknown,2.3.1,,1719842820,ru,,UTC+0300,Unknown,android,production
,,,,,,,,Unknown,Unknown,,,1719842845,il,,UTC+0000,Unknown,android,
,,,,1,,3b650d33deb7e4c67287897e9f407af3a88ac40e,,Unknown,Unknown,240627199,,1719842847,ru,,UTC+0300,Unknown,ios,production
,,,,0,,848d2aef57a4f2d725b49608fe8a024e698c7045,,Unknown,Unknown,2.3.1,,1719842847,ua,,UTC+0300,Unknown,android,production
,,,,,,,,Unknown,Unknown,,,1719842849,es,,UTC+0000,Unknown,android,
,,,,0,,82c96ac8b6a081d729fb81796c403f7eb1244c03,,Unknown,Unknown,2.3.1,,1719842852,ua,,UTC+0300,Unknown,android,production
,,,,,,,,Unknown,Unknown,,,1719842852,ru,,UTC+0000,Unknown,android,
,,,,0,,4ffb687c0f07edb96cc2ad5d0fbb9013efa4814d,,Unknown,Unknown,2.3.1,,1719842837,ru,,UTC+0600,Unknown,android,production
,,,,0,,8915408e8462e41fa05e70f22809de56973cee5e,,Unknown,Unknown,2.3.1,,1719842847,ru,,UTC+0300,Unknown,android,production
,,,,0,,ebf5cc458b6e749645fd6a1443c954a4726247e1,,Unknown,Unknown,2.3.1,,1719842855,ru,,UTC+0500,Unknown,android,production
,,,,1,,3b650d33deb7e4c67287897e9f407af3a88ac40e,,Unknown,Unknown,240627199,,1719842853,ru,,UTC+0300,Unknown,ios,production
,,,,0,,04b696ff3a8a5fc10a16a21486d12606f81f7fcb,,Unknown,Unknown,240627199,,1719842853,ru,,UTC+0300,Unknown,ios,production
,,,,0,,55a3cf3d700e2b1d4e3eae323f361f0b93cd9a5a,,Unknown,Unknown,2.3.1,,1719842856,ru,,UTC+0400,Unknown,android,production
,,,,0,,4ffb687c0f07edb96cc2ad5d0fbb9013efa4814d,,Unknown,Unknown,2.3.1,,1719842850,ru,,UTC+0600,Unknown,android,production
,,,,,,,,Unknown,Unknown,,,1719842856,lv,,UTC+0000,Unknown,android,
,,,,,,,,Unknown,Unknown,,,1719842859,ru,,UTC+0000,Unknown,android,
,,,,0,,848d2aef57a4f2d725b49608fe8a024e698c7045,,Unknown,Unknown,2.3.1,,1719842862,ua,,UTC+0300,Unknown,android,production
,,,,,,,,Unknown,Unknown,,,1719842861,ru,,UTC+0000,Unknown,android,
,,,,,,,,Unknown,Unknown,,,1719842865,es,,UTC+0000,Unknown,android,
,,,,,,,,Unknown,Unknown,,,1719842872,ch,,UTC+0000,Unknown,android,
,,,,,,,,Unknown,Unknown,,,1719842870,ru,,UTC+0000,Unknown,android,
,,,,,,,,Unknown,Unknown,,,1719842873,it,,UTC+0000,Unknown,android,
,,,,0,,04b696ff3a8a5fc10a16a21486d12606f81f7fcb,,Unknown,Unknown,240627199,,1719842871,ru,,UTC+0300,Unknown,ios,production
,,,,,,,,Unknown,Unknown,,,1719842871,ro,,UTC+0000,Unknown,android,
,,,,,,,,Unknown,Unknown,,,1719842876,ru,,UTC+0000,Unknown,android,
,,,,,,,,Unknown,Unknown,,,1719842877,ua,,UTC+0000,Unknown,android,
,,,,,,,,Unknown,Unknown,,,1719842881,ru,,UTC+0000,Unknown,android,
,,,,0,,ebf5cc458b6e749645fd6a1443c954a4726247e1,,Unknown,Unknown,2.3.1,,1719842873,ru,,UTC+0500,Unknown,android,production
,,,,,,,,Unknown,Unknown,,,1719842882,pl,,UTC+0000,Unknown,android,
,,,,0,,cc401e3d96836edbb59bd5e3490719405c4a89de,,Unknown,Unknown,2.3.1,,1719842847,ua,,UTC+0300,Unknown,android,production
,,,,0,,8915408e8462e41fa05e70f22809de56973cee5e,,Unknown,Unknown,2.3.1,,1719842885,ru,,UTC+0300,Unknown,android,production
